﻿<root>
	<tools name="MainToolbar" dockable="true" enabled="true">		
		<tool separator="true"/>
		<tool name="Undo" />
		<tool name="Redo" />
		<tool separator="true"/>
		<tool name="Cut" />
		<tool name="Copy" />
		<tool name="Paste" shortcut="CTRL+!"/>
	</tools>
	
	<tools name="Formatting" enabled="true" dockable="true">
		<tool name="Bold" />
		<tool name="Italic" />
		<tool name="Underline" />
		<tool separator="true"/>
		<tool name="ForeColor" />
		<tool name="BackColor"/>
		<tool separator="true"/>
		<tool name="FontName"/>
		<tool name="RealFontSize"/>
	</tools>

	<modules>
		<module name="RadEditorStatistics" visible="true" />
	</modules>
</root>
