<?xml version="1.0" encoding="utf-8" ?>
<PanelBar>

	<Item Type="ALL" Text="Home" Expanded="True" >
		<Item Text="Home" NavigateUrl="s=0" />
	</Item>
	<Item Type="ADMIN" Text="Manage Calls for Participation" Expanded="True">
		<Item Text="Work with Submissions" NavigateUrl="s=200" />
		<Item AdminAccess="Y" Text="Create New Call" NavigateUrl="s=300" />
		<Item Text="Work with Authors" NavigateUrl="s=25" />
	</Item>
	<Item Type="ADMIN" Text="Manage Reviewers" Expanded="True">
		<Item Text="Work with Reviewers" NavigateUrl="s=9" />
	</Item>
	<Item Type="REVIEWER" Text="My Reviews" Expanded="True" >
		<Item Text="My Open Reviews" NavigateUrl="s=3" />
		<Item Text="My Completed Reviews" NavigateUrl="s=3[AMPS]Completed=true" />
	</Item>

	<Item  Type="AUTHOR" Text="My Submissions"  Expanded="True">
		<Item Text="My Open Submissions" NavigateUrl="s=20" />
		<Item Text="My Closed Submissions" NavigateUrl="s=20[AMPS]IsClosed=true" />	
	</Item>
	
	
</PanelBar>