<?xml version="1.0" encoding="utf-8" ?>
<ArrayOfProfilePropertyDefinition xmlns:xsi="http://www.w3.org/2001/XMLSchema-instance" xmlns:xsd="http://www.w3.org/2001/XMLSchema">
  <ProfilePropertyDefinition>
    <datatype>349</datatype>
    <defaultvalue />
    <length>50</length>
    <moduledefid>-1</moduledefid>
    <portalid>0</portalid>
    <propertycategory>CustomerInfo</propertycategory>
    <propertydefinitionid>0</propertydefinitionid>
    <propertyname>MasterCustomerId</propertyname>
    <required>false</required>
    <validationexpression />
    <vieworder>0</vieworder>
    <visible>false</visible>
    <visibility>AdminOnly</visibility>
  </ProfilePropertyDefinition>
  <ProfilePropertyDefinition>
    <datatype>350</datatype>
    <defaultvalue>0</defaultvalue>
    <length>0</length>
    <moduledefid>-1</moduledefid>
    <portalid>0</portalid>
    <propertycategory>CustomerInfo</propertycategory>
    <propertydefinitionid>0</propertydefinitionid>
    <propertyname>SubCustomerId</propertyname>
    <required>false</required>
    <validationexpression />
    <vieworder>0</vieworder>
    <visible>false</visible>
    <visibility>AdminOnly</visibility>
  </ProfilePropertyDefinition>
  <ProfilePropertyDefinition>
    <datatype>351</datatype>
    <defaultvalue />
    <length>0</length>
    <moduledefid>-1</moduledefid>
    <portalid>0</portalid>
    <propertycategory>CustomerInfo</propertycategory>
    <propertydefinitionid>0</propertydefinitionid>
    <propertyname>CanPurchaseMemberOnlyProducts</propertyname>
    <required>false</required>
    <validationexpression />
    <vieworder>0</vieworder>
    <visible>false</visible>
    <visibility>AdminOnly</visibility>
  </ProfilePropertyDefinition>
</ArrayOfProfilePropertyDefinition>
