<?xml version="1.0" encoding="UTF-8"?><?xml-stylesheet type='text/xsl' href='_UpgradeReport_Files/UpgradeReport.xslt'?><UpgradeLog>
<Properties><Property Name="Solution" Value="TIMSSCMS.DynamicSearch">
</Property><Property Name="Solution File" Value="C:\Inetpub\wwwroot\DotNetNuke\DesktopModules\DynamicSearch\TIMSSCMS.DynamicSearch.sln">
</Property><Property Name="Date" Value="Tuesday, June 12, 2007">
</Property><Property Name="Time" Value="11:25 AM">
</Property></Properties><Event ErrorLevel="0" Project="TIMSSCMS.DynamicSearch" Source="TIMSSCMS.DynamicSearch.vbproj" Description="Project converted successfully">
</Event><Event ErrorLevel="3" Project="TIMSSCMS.DynamicSearch" Source="TIMSSCMS.DynamicSearch.vbproj" Description="Converted">
</Event><Event ErrorLevel="0" Project="" Source="TIMSSCMS.DynamicSearch.sln" Description="Solution converted successfully">
</Event><Event ErrorLevel="3" Project="" Source="TIMSSCMS.DynamicSearch.sln" Description="Converted">
</Event><Event ErrorLevel="0" Project="TIMSSCMS.DynamicSearch" Source="TIMSSCMS.DynamicSearch.vbproj" Description="Scan complete: Upgrade not required for project files.">
</Event></UpgradeLog>