<root>
	<modules>
		<module name="RadEditorStatistics" dockingZone="Bottom" enabled="true" visible="true" dockable="false"/>
		<module name="RadEditorDomInspector" dockingZone="Module" enabled="true" visible="true" dockable="false"/>
		<module name="RadEditorNodeInspector" dockingZone="Module" enabled="true" visible="true" dockable="false"/>

		<module name="RadEditorDiagnostics" dockingZone="Module" enabled="true" visible="true" dockable="false"/>
		<module name="RadEditorXhtmlValidator" dockingZone="Module" enabled="true" visible="true" dockable="false"/>
		<module name="RadEditorHtmlInspector" dockingZone="Module" enabled="true" visible="false" dockable="false"/>
	</modules>

	<tools name="MainToolbar" dockable="false" enabled="true">
		<tool name="XhtmlValidator"/>
		<tool name="PageProperties"/>
		<tool name="StyleBuilder"/>
		<tool name="TrackChangesDialog"/>
		<tool name="FormatCodeBlock"/>
		<tool separator="true"/>
		<tool name="InsertFormElement"/>
		<tool name="InsertFormForm"/>
		<tool name="InsertFormButton"/>
		<tool name="InsertFormCheckbox"/>
		<tool name="InsertFormHidden"/>
		<tool name="InsertFormPassword"/>
		<tool name="InsertFormRadio"/>
		<tool name="InsertFormReset"/>
		<tool name="InsertFormSelect"/>
		<tool name="InsertFormSubmit"/>
		<tool name="InsertFormTextarea"/>
		<tool name="InsertFormText"/>
		<tool separator="true"/>
		<tool name="StripAll"/>
		<tool name="StripCss"/>
		<tool name="StripFont"/>
		<tool name="StripSpan"/>
		<tool name="StripWord"/>    
	</tools>

	<tools name="InsertToolbar" dockable="false" enabled="true">
		<tool name="AjaxSpellCheck"/>
		<tool name="ImageManager" shortcut="CTRL+M"/>
		<tool name="ImageMapDialog"/>
		<tool separator="true"/>
		<tool name="FlashManager"/>
		<tool name="MediaManager"/>
		<tool separator="true"/>
		<tool name="DocumentManager"/>
		<tool name="TemplateManager"/>
		<tool separator="true"/>
		<tool name="InsertTable"/>
		<tool name="InsertRowAbove"/>
		<tool name="InsertRowBelow"/>
		<tool name="DeleteRow"/>
		<tool name="InsertColumnLeft"/>
		<tool name="InsertColumnRight"/>
		<tool name="DeleteColumn"/>
		<tool separator="true"/>
		<tool name="MergeColumns"/>
		<tool name="MergeRows"/>
		<tool separator="true"/>
		<tool name="SplitCell"/>
		<tool name="DeleteCell"/>
		<tool name="SetCellProperties"/>
		<tool name="SetTableProperties"/>
		<tool separator="true"/>
		<tool name="InsertSymbol"/>
		<tool name="FormatStripper"/>
	</tools>

	<tools enabled="true">		
		<tool name="Undo"/>
		<tool name="Redo"/>
		<tool separator="true"/>
		<tool name="Cut"/>
		<tool name="Copy"/>
		<tool name="Paste" shortcut="CTRL+!"/>
		<tool separator="true"/>
		<tool name="PasteFromWord"/>
		<tool name="PasteFromWordNoFontsNoSizes"/>
		<tool name="PastePlainText"/>		
		<tool name="PasteAsHtml"/>
		<tool separator="true"/>
		<tool name="Print"/>
		<tool name="FindAndReplace"/>
		<tool name="SelectAll"/>
		<tool separator="true"/>
		<tool name="InsertGroupbox"/>
		<tool name="InsertParagraph"/>
		<tool name="InsertHorizontalRule"/>
		<tool name="InsertSnippet"/>
		<tool separator="true"/>
		<tool name="InsertDate"/>
		<tool name="InsertTime"/>

		<tool separator="true"/>
		<tool name="AboutDialog"/>
		<tool name="Help"/>
	</tools>

	<tools enabled="true" dockable="false">
		<tool name="Bold"/>
		<tool name="Italic"/>
		<tool name="Underline"/>
		<tool name="StrikeThrough"/>
		<tool separator="true"/>
		<tool name="JustifyLeft"/>
		<tool name="JustifyCenter"/>
		<tool name="JustifyRight"/>
		<tool name="JustifyFull"/>
		<tool name="JustifyNone"/>

		<tool separator="true"/>
		<tool name="Superscript"/>
		<tool name="Subscript"/>

		<tool separator="true"/>
		<tool name="ConvertToLower"/>
		<tool name="ConvertToUpper"/>
		
		<tool name="Indent"/>
		<tool name="Outdent"/>
		<tool name="InsertOrderedList"/>
		<tool name="InsertUnorderedList"/>

		<tool name="AbsolutePosition"/>
		<tool name="LinkManager"/>
		<tool name="Unlink"/>
    <tool name="ToggleTableBorder"/>
    <tool name="ToggleScreenMode"/>
	</tools>

	<tools name="DropdownToolbar" dockable="false">
		<tool name="ForeColor"/>
		<tool name="BackColor"/>
		<tool separator="true"/>
		<tool name="FontName"/>
		<tool name="FontSize"/>
		<tool name="RealFontSize"/>
		<tool name="ApplyClass"/>
		<tool name="InsertCustomLink"/>
		<tool name="FormatBlock"/>
    <tool name="Zoom"/>
	</tools>
 
	
	<snippets>
		<snippet name="Order Confirmation">
			<![CDATA[
					<div style="width:300px;border:2px outset #D8D2BD;padding:34px;font-family:Arial, Verdana; font-size:11px;background-color:#F1EFE6;">
					Dear ____________________,<br />
					Thank you for inquiring about ____________. Your request will be processed in 48 hours and shipped at the address you have provided. 
					<br /><br />
						<b>Please, contact us if you have any problems.</b>
					</div>
				]]>
		</snippet>
		<snippet name="Email Signature">
			<![CDATA[
					<div style="margin-top:30px;width:80%;border-top:1px dotted gray;padding-top:4px;font-family:Arial, Verdana; font-size:11px;">
					<b>John Wigham</b><br />
					Senior Web Developer<br />
						<a href="#">john@mysite.com</a>
						<br />
							<br />
								<i>Disclaimer: The contents of this e-mail are privileged and confidential and intended for the addressees at the specified e-mail addresses only.</i>
					</div>
				]]>
		</snippet>
		<snippet name="Problem Report Feedback">
			<![CDATA[
					<div style="width:300px;border:2px outset #D8D2BD;padding:34px;font-family:Arial, Verdana; font-size:11px;background-color:#F1EFE6;">
					Hi ____________________,<br />
					Thank you for reporting this issue. We have verified the problem and it is logged in our system. We will notify you once we have a solution. 
					<br /><br />
						<b>Please, contact us if you have any problems.</b>
					</div>
				]]>
		</snippet>
	</snippets>

	<symbols>

	</symbols>
	<fontNames>
	</fontNames>
	<fontSizes>
	</fontSizes>

	<colors>
	</colors>
	<classes>
	</classes>

	<paragraphs>
	</paragraphs>

	<dialogParameters>
	</dialogParameters>
	<languages>
	</languages>
</root>