<root>
	<modules>
		<module name="RadEditorStatistics" dockingZone="Bottom" enabled="true" visible="true" dockable="false"/>					
	</modules>

	<tools name="MainToolbar" dockable="false" enabled="true">
		<tool name="Print"/>
		<tool name="SelectAll"/>
		<tool separator="true"/>		
		<tool name="Cut"/>
		<tool name="Copy"/>
		<tool name="Paste" shortcut="CTRL+!"/>				
		<tool separator="true"/>
		<tool name="InsertGroupbox"/>
		<tool name="InsertParagraph"/>
		<tool name="InsertHorizontalRule"/>		
		<tool separator="true"/>
		<tool name="InsertDate"/>
		<tool name="InsertTime"/>
		<tool separator="true"/>
		<tool name="InsertTable"/>
		<tool name="InsertRowAbove"/>
		<tool name="InsertRowBelow"/>
		<tool name="DeleteRow"/>
		<tool name="InsertColumnLeft"/>
		<tool name="InsertColumnRight"/>
		<tool name="DeleteColumn"/>
		<tool separator="true"/>
		<tool name="MergeColumns"/>
		<tool name="MergeRows"/>
		<tool separator="true"/>
		<tool name="SplitCell"/>
		<tool name="DeleteCell"/>
		<tool name="SetCellProperties"/>
		<tool name="SetTableProperties"/>		
	</tools>
	<tools enabled="true" dockable="false">
		<tool name="AjaxSpellCheck"/>
		<tool name="Undo"/>
		<tool name="Redo"/>
		<tool name="Bold"/>
		<tool name="Italic"/>
		<tool name="Underline"/>
		<tool name="StrikeThrough"/>
		<tool separator="true"/>
		<tool name="JustifyLeft"/>
		<tool name="JustifyCenter"/>
		<tool name="JustifyRight"/>
		<tool name="JustifyFull"/>
		<tool name="JustifyNone"/>

		<tool separator="true"/>
		<tool name="Superscript"/>
		<tool name="Subscript"/>
		<tool name="InsertSymbol"/>
		<tool separator="true"/>
		<tool name="ConvertToLower"/>
		<tool name="ConvertToUpper"/>

		<tool name="Indent"/>
		<tool name="Outdent"/>
		<tool name="InsertOrderedList"/>
		<tool name="InsertUnorderedList"/>
		<tool separator="true"/>
		<tool name="FormatStripper"/>		
		<tool name="ToggleScreenMode"/>
	</tools>


	<tools name="DropdownToolbar" dockable="false">
		<tool name="ForeColor"/>
		<tool name="BackColor"/>
		<tool separator="true"/>
		<tool name="FontName"/>
		<tool name="FontSize"/>
		<tool name="RealFontSize"/>
		<tool name="ApplyClass"/>
		<tool name="InsertCustomLink"/>
		<tool name="FormatBlock"/>
		<tool name="Zoom"/>
	</tools>







</root>