<?xml version="1.0" encoding="utf-8" ?>
<PanelBar>

	<Item Type="ALL" Text="Home" NavigateUrl="s=0">
	</Item>
	
	<Item Type="ALL" Text="General Schedule" NavigateUrl="s=2">
	</Item>
	<Item Type="SP" Text="Schedule by Speaker" NavigateUrl="s=8">
	</Item>
	<Item Type="ST" Text="Schedule by Track" NavigateUrl="s=3">
	</Item>
	<Item Type="ALL" Text="Agenda Builder" NavigateUrl="s=6">
	</Item>
	<Item Type="ALL" Text="My Agenda" NavigateUrl="s=7">
	</Item>
	
	
</PanelBar>

<!--
<Item Type="ALL" Text="Overview" NavigateUrl="s=1">
</Item>
<Item Type="ALL" Text="Conference Brochure" External="Y"  NavigateUrl="http://clients.digipage.co.uk/?userpath=00000001/00000004/00028331/">
</Item>
<Item Type="ALL" Text="Hotel Reservations" NavigateUrl="s=9">
</Item>
<Item Type="ALL" Text="Sponsors" NavigateUrl="s=10">
</Item>
<Item Type="ALL" Text="Contact Us" NavigateUrl="s=11">
</Item>
-->
