<?xml version="1.0" encoding="UTF-8"?><?xml-stylesheet type='text/xsl' href='_UpgradeReport_Files/UpgradeReport.xslt'?><UpgradeLog>
<Properties><Property Name="Solution" Value="TIMSSCMS.RequestPassword">
</Property><Property Name="Solution File" Value="C:\Inetpub\wwwroot\DotNetNuke\DesktopModules\RequestPassword\TIMSSCMS.RequestPassword.sln">
</Property><Property Name="Date" Value="Monday, April 23, 2007">
</Property><Property Name="Time" Value="11:49 AM">
</Property></Properties><Event ErrorLevel="0" Project="TIMSSCMS.RequestPassword" Source="TIMSSCMS.RequestPassword.vbproj" Description="Project converted successfully">
</Event><Event ErrorLevel="3" Project="TIMSSCMS.RequestPassword" Source="TIMSSCMS.RequestPassword.vbproj" Description="Converted">
</Event><Event ErrorLevel="0" Project="" Source="TIMSSCMS.RequestPassword.sln" Description="Solution converted successfully">
</Event><Event ErrorLevel="3" Project="" Source="TIMSSCMS.RequestPassword.sln" Description="Converted">
</Event><Event ErrorLevel="0" Project="TIMSSCMS.RequestPassword" Source="TIMSSCMS.RequestPassword.vbproj" Description="Scan complete: Upgrade not required for project files.">
</Event></UpgradeLog>